flight_number,airline,departure_city,arrival_city,departure_time,arrival_time,status,aircraft_type,pilot_name
BG3251,S7 Airlines,г. Шахты,с. Верхоянск,2024-03-14 12:55:02,2024-05-13 23:55:35,Задержан,Boeing 777,Лидия Федоровна Антонова
HI4037,Победа,клх Быково (метеост.),п. Лянтор,2024-02-22 15:29:14,2024-06-02 02:26:01,В пути,Airbus A320,Галина Евгеньевна Родионова
RS3069,Utair,клх Усть-Камчатск,ст. Витим,2024-04-08 00:43:22,2024-06-11 05:21:14,Прибыл,Boeing 777,Зоя Дмитриевна Меркушева
YJ1006,Аэрофлот,ст. Барнаул,г. Лысьва,2024-01-22 08:57:00,2024-01-25 11:07:17,Запланирован,Boeing 737,Ирина Дмитриевна Дроздова
UL6789,Победа,с. Кашира,ст. Нижнеудинск,2024-04-03 07:33:16,2024-04-12 21:43:45,Задержан,Airbus A320,Наталья Наумовна Голубева
SR8507,Utair,ст. Дудинка,г. Сальск,2024-05-09 21:53:53,2024-05-12 01:03:22,Запланирован,Boeing 777,Митофан Борисович Красильников
GU8450,Utair,клх Далматово,д. Каменномостский,2024-04-29 17:45:23,2024-05-20 00:30:54,Отменен,Boeing 767,Лукьян Феофанович Савельев
II2567,Utair,к. Голицыно,п. Ершов,2024-02-27 05:48:05,2024-05-24 04:06:14,Прибыл,Boeing 737,Цветков Пров Ефремович
XO1080,Победа,клх Егорьевск,клх Шелагонцы,2024-03-04 07:41:27,2024-06-01 16:58:08,Запланирован,Boeing 737,Рожкова Наталья Егоровна
RK7109,S7 Airlines,г. Терней,клх Ишим,2024-06-09 13:55:27,2024-06-11 14:10:39,Прибыл,Boeing 777,Карпова Майя Борисовна
GI8661,Победа,к. Дудинка,с. Бирск,2024-03-05 22:42:53,2024-05-09 02:37:25,Задержан,Boeing 737,Жданова Иванна Робертовна
TV2362,Победа,ст. Улан-Удэ,с. Люберцы,2024-01-01 02:48:39,2024-05-08 15:44:31,Прибыл,Boeing 777,Марфа Афанасьевна Куликова
BH1304,Аэрофлот,к. Сорочинск,д. Тосно,2024-02-14 19:34:05,2024-04-09 07:41:32,Запланирован,Airbus A330,Павлова Ульяна Аскольдовна
PC0458,S7 Airlines,д. Чегем,п. Югорск,2024-05-30 10:51:07,2024-06-13 14:57:35,Запланирован,Boeing 767,Шарапова Милица Александровна
ZF7635,Аэрофлот,п. Каменск-Уральский,д. Осташков,2024-02-03 10:35:30,2024-05-17 09:13:14,Отменен,Boeing 777,Орлов Любим Васильевич
CC4927,Utair,с. Кежма,к. Северобайкальск,2024-04-16 05:00:09,2024-05-14 19:25:29,Прибыл,Boeing 767,Лобанов Кондратий Вячеславович
FW7462,Победа,д. Эльбрус,клх Каневская,2024-05-11 03:32:11,2024-05-15 18:49:25,Отменен,Boeing 777,Федосий Феофанович Воронов
BC0626,Red Wings,г. Джубга,с. Волоколамск,2024-03-25 22:38:06,2024-04-09 01:24:12,Задержан,Boeing 777,Константин Ярославович Доронин
WT4422,S7 Airlines,клх Ряжск,с. Таганрог,2024-03-27 00:22:55,2024-04-25 07:32:54,Отменен,Boeing 737,Алина Даниловна Смирнова
GE4143,Utair,ст. Югорск,г. Кедровый,2024-02-21 22:25:52,2024-04-03 23:35:02,Прибыл,Boeing 767,Раиса Богдановна Королева
XU6821,S7 Airlines,с. Тырныауз,г. Североуральск,2024-02-14 16:45:20,2024-02-29 23:35:58,Прибыл,Boeing 737,Марфа Тимуровна Брагина
YA4748,Utair,к. Гусь-Хрустальный,д. Теберда,2024-03-14 08:41:03,2024-03-22 02:51:05,Задержан,Airbus A320,Валентин Харламович Селиверстов
TX9072,Аэрофлот,п. Печора,ст. Воскресенск,2024-06-08 10:05:57,2024-06-12 09:19:31,Запланирован,Airbus A320,Рубен Бориславович Быков
BW1724,Utair,д. Далматово,г. Пятигорск,2024-01-03 04:17:18,2024-02-26 07:01:40,В пути,Airbus A320,Евдокимова Клавдия Ильинична
WA0734,S7 Airlines,к. Талдом,п. Шелехов,2024-02-01 11:30:10,2024-05-09 04:21:20,В пути,Airbus A320,Олимпий Витальевич Филатов
DX2014,Победа,п. Оймякон,п. Тайшет,2024-05-12 02:42:00,2024-05-28 00:00:54,Задержан,Airbus A330,Прасковья Олеговна Ефремова
XY9570,S7 Airlines,д. Хасан,к. Биробиджан,2024-06-01 07:13:18,2024-06-01 13:04:42,Запланирован,Boeing 777,Лукия Григорьевна Харитонова
VG8538,Победа,ст. Светлогорск (Калин.),с. Бийск,2024-01-29 11:13:38,2024-05-13 22:18:41,Отменен,Airbus A330,Маслов Самсон Венедиктович
KY9714,Аэрофлот,клх Смирных,г. Ставрополь,2024-06-02 19:00:23,2024-06-09 06:32:25,Прибыл,Airbus A330,Кудрявцев Порфирий Чеславович
VK5595,Аэрофлот,г. Казань,п. Владикавказ,2024-01-03 14:07:54,2024-06-12 00:03:19,Отменен,Boeing 767,Абрамов Никита Устинович
RU1465,Аэрофлот,ст. Омск,п. Люберцы,2024-03-07 08:10:13,2024-03-15 11:09:04,Запланирован,Airbus A320,Виноградова Екатерина Богдановна
PF0425,Red Wings,клх Абакан,к. Пушкино (Моск.),2024-02-18 09:33:10,2024-03-22 05:44:39,Прибыл,Boeing 767,Иванова Татьяна Львовна
KM1530,S7 Airlines,п. Шумиха,д. Бузулук,2024-01-27 09:48:43,2024-03-04 19:41:42,Запланирован,Boeing 777,Лукия Алексеевна Блинова
UL3241,S7 Airlines,с. Астрахань,ст. Байкальск,2024-05-10 13:32:43,2024-06-10 08:59:37,Отменен,Airbus A320,Полина Леонидовна Комиссарова
XY1222,Utair,д. Дно,п. Сызрань,2024-01-08 02:01:41,2024-06-09 22:39:32,В пути,Boeing 777,Григорий Матвеевич Шарапов
XQ1060,Аэрофлот,г. Ковров,с. Светлогорск (Калин.),2024-02-03 11:59:13,2024-04-17 05:00:49,Отменен,Boeing 737,Леонтий Фролович Лазарев
UV2081,Аэрофлот,ст. Амдерма,к. Армавир,2024-05-19 02:08:59,2024-05-20 14:55:47,Отменен,Boeing 777,Игнатьев Поликарп Демьянович
DB4285,Red Wings,ст. Пинега,с. Старая Русса,2024-04-25 10:51:01,2024-06-02 18:33:52,Прибыл,Boeing 767,Наум Всеволодович Маслов
SK7912,Red Wings,г. Шатура,ст. Семлячики,2024-05-11 18:59:13,2024-05-22 01:01:40,Запланирован,Boeing 767,Ратмир Зиновьевич Власов
KJ3655,Аэрофлот,ст. Бреды,п. Ялуторовск,2024-03-14 14:23:21,2024-04-03 01:46:24,В пути,Boeing 777,Лебедева Милица Даниловна
FM6951,Red Wings,д. Магадан,г. Касимов,2024-04-17 12:29:21,2024-06-14 20:27:29,Задержан,Boeing 737,Святослав Трофимович Агафонов
NC0468,Red Wings,г. Чайковский,г. Нижнекамск,2024-03-07 17:29:36,2024-05-23 21:13:59,Прибыл,Boeing 767,Соколов Корнил Фомич
MT0243,Аэрофлот,клх Махачкала,д. Южно-Курильск,2024-04-18 16:49:57,2024-06-09 02:55:15,Отменен,Boeing 777,Доронин Пров Витальевич
ST2324,Победа,п. Архыз,г. Октябрьское (Хант.),2024-02-22 16:25:25,2024-06-14 17:42:21,Задержан,Boeing 777,Валерия Матвеевна Красильникова
VN2749,Red Wings,д. Гремячинск (Перм.),г. Палана,2024-04-21 09:22:24,2024-05-31 09:14:21,Отменен,Airbus A320,Нинель Макаровна Шубина
TT7111,S7 Airlines,ст. Тайшет,с. Верхний Тагил,2024-02-29 20:31:05,2024-04-24 13:13:00,Прибыл,Airbus A330,Муравьев Серафим Филатович
OB2312,Red Wings,п. Шелехов,г. Дмитров,2024-04-27 05:58:46,2024-06-04 00:58:01,Запланирован,Airbus A330,Элеонора Викторовна Лыткина
LJ0295,Аэрофлот,г. Сухиничи,ст. Приморско-Ахтарск,2024-01-09 19:26:30,2024-03-08 06:54:03,Задержан,Boeing 767,Большаков Геннадий Гордеевич
YE7968,Red Wings,г. Новокузнецк,д. Яхрома,2024-06-10 20:34:08,2024-06-13 21:32:49,Запланирован,Boeing 767,Мирослав Гурьевич Зайцев
AP9417,Аэрофлот,п. Озеры,г. Катав-Ивановск,2024-05-04 13:03:29,2024-05-05 05:30:39,Отменен,Airbus A320,Сергеева Евдокия Владимировна
BI3428,Utair,д. Ижевск,к. Внуково (метеост.),2024-03-04 10:52:25,2024-05-25 23:41:15,Запланирован,Boeing 767,Михеев Виктор Елисеевич
MN7286,Utair,ст. Йошкар-Ола,клх Домодедово,2024-03-26 01:43:45,2024-04-13 22:42:34,В пути,Boeing 767,Валентина Андреевна Исакова
QS6578,Аэрофлот,п. Кандалакша,д. Нефедова,2024-02-06 16:44:57,2024-04-15 05:28:29,Прибыл,Boeing 737,Елизавета Семеновна Коновалова
PZ3524,Utair,к. Советский,клх Кудымкар,2024-03-04 15:20:53,2024-03-15 22:55:16,Прибыл,Airbus A330,Гришин Соломон Измаилович
NB1339,Аэрофлот,г. Советский,ст. Курумкан,2024-05-01 15:17:55,2024-05-21 11:40:28,Задержан,Airbus A320,Комарова Марфа Николаевна
CO4306,Utair,клх Ноглики,п. Туапсе,2024-02-04 15:24:13,2024-04-09 04:46:58,Отменен,Boeing 767,Лихачева Лора Вениаминовна
JJ8682,Red Wings,ст. Ковров,д. Жуковский,2024-04-29 09:34:37,2024-05-16 10:09:24,Отменен,Boeing 767,Макар Давыдович Петров
CZ9821,Аэрофлот,ст. Краснодар,п. Рыльск,2024-03-05 20:40:41,2024-06-08 05:56:37,Задержан,Airbus A330,Нестерова Евпраксия Вениаминовна
XW7759,Utair,клх Чулым,к. Йошкар-Ола,2024-03-27 20:05:04,2024-04-18 16:30:41,Запланирован,Boeing 737,Маркова Феврония Архиповна
HB6059,Победа,клх Бирск,п. Серафимович,2024-05-14 07:51:17,2024-06-14 15:23:55,Отменен,Airbus A320,Татьяна Валериевна Мухина
RC2761,Red Wings,г. Уэлен,ст. Кырен,2024-05-29 06:28:03,2024-05-29 07:20:52,Задержан,Airbus A320,Селиван Владиславович Максимов
PH7813,S7 Airlines,п. Дмитров,г. Змеиногорск,2024-01-25 00:54:50,2024-02-22 14:10:36,Отменен,Boeing 777,Милица Ждановна Суханова
UQ3719,S7 Airlines,к. Белокуриха,д. Тутаев,2024-05-28 17:26:10,2024-05-31 08:03:53,Прибыл,Boeing 767,Селиверст Вячеславович Семенов
DQ3734,S7 Airlines,ст. Истра,к. Кострома,2024-04-30 17:18:18,2024-06-09 13:24:23,Запланирован,Airbus A320,Шарапов Максим Феоктистович
VU1665,Победа,п. Нальчик,с. Чита,2024-04-23 06:44:58,2024-05-17 23:44:29,Прибыл,Boeing 737,Маргарита Кузьминична Хохлова
ZT7027,Победа,к. Завьялиха,к. Благовещенск (Амур.),2024-03-18 12:39:36,2024-05-11 12:35:38,Отменен,Boeing 737,Серафим Бориславович Елисеев
VY2597,Red Wings,г. Ноябрьск,клх Ижевск,2024-01-05 03:44:50,2024-03-06 06:48:03,Отменен,Boeing 777,Лора Кирилловна Гурьева
LA0132,Аэрофлот,с. Кашхатау,к. Мостовской,2024-01-18 18:12:18,2024-05-15 10:52:33,Запланирован,Boeing 737,Галина Федоровна Тимофеева
AW2994,Победа,п. Кабанск,д. Великий Устюг,2024-02-11 16:40:32,2024-03-12 05:57:02,Отменен,Boeing 777,Пестов Фирс Харлампович
TP9382,Utair,д. Оренбург,ст. Чусовой,2024-01-15 16:49:01,2024-03-02 17:13:51,Запланирован,Boeing 767,Синклитикия Ждановна Кошелева
HE8915,Red Wings,г. Энгельс,с. Владимир,2024-03-04 17:24:47,2024-06-13 16:32:35,В пути,Boeing 737,Гущин Епифан Глебович
ME8690,Аэрофлот,п. Курильск,с. Александровск-Сахалинский,2024-02-20 08:53:39,2024-03-29 10:45:58,Задержан,Boeing 767,Дмитриева Александра Натановна
ZQ1249,Победа,п. Верхний Баскунчак,г. Мончегорск,2024-05-09 19:49:05,2024-05-19 18:23:16,Запланирован,Boeing 777,Степанова Ангелина Феликсовна
GC2063,Победа,с. Калязин,д. Горячий Ключ,2024-04-15 15:28:02,2024-05-29 15:45:53,Задержан,Boeing 777,Горшков Влас Венедиктович
IR3634,Победа,к. Новосибирск,п. Амурск,2024-01-10 02:20:45,2024-03-24 15:42:59,Отменен,Boeing 767,Чернова Майя Ефимовна
BE3725,Победа,к. Дзержинск,г. Аша,2024-06-07 05:37:46,2024-06-07 21:37:37,В пути,Airbus A320,Ия Яковлевна Ковалева
FE5620,S7 Airlines,клх Кропоткин (Краснод.),г. Черский,2024-05-22 13:35:17,2024-06-14 06:23:43,В пути,Airbus A330,Капустина Ия Натановна
SN6837,Red Wings,п. Ялуторовск,к. Оленегорск (Якут.),2024-04-28 15:22:47,2024-05-23 00:25:16,Задержан,Boeing 777,Иванна Григорьевна Фомичева
NO3393,Utair,ст. Ялуторовск,клх Печора,2024-02-26 08:15:35,2024-06-11 18:21:26,Прибыл,Boeing 767,Таисия Эдуардовна Петрова
RT4821,Аэрофлот,с. Омск,к. Теберда,2024-05-15 09:48:41,2024-05-26 08:00:11,Отменен,Airbus A320,Якуб Фролович Захаров
AK4122,Utair,ст. Избербаш,к. Северо-Курильск,2024-02-26 03:18:23,2024-05-31 06:20:22,Запланирован,Boeing 767,Василиса Робертовна Лихачева
UD6705,S7 Airlines,г. Елатьма,г. Каспийск,2024-04-14 13:55:40,2024-05-23 10:02:55,Отменен,Boeing 767,Владимир Изотович Логинов
GN7812,Red Wings,г. Поярково,клх Урай,2024-02-15 06:38:22,2024-04-16 09:39:00,Задержан,Boeing 737,Анастасия Болеславовна Лебедева
BR1868,Аэрофлот,ст. Внуково (метеост.),д. Новосибирск,2024-05-11 17:32:53,2024-05-17 07:26:11,Прибыл,Boeing 767,Яковлев Самсон Федосьевич
CM9514,Red Wings,п. Макушино,клх Тулпан,2024-05-06 15:35:51,2024-05-13 03:15:32,Задержан,Boeing 767,Самойлов Федот Иосифович
SF1163,Red Wings,с. Губкинский,п. Андреаполь,2024-02-02 18:09:37,2024-03-22 13:44:26,Прибыл,Boeing 777,Надежда Афанасьевна Крылова
TV8986,S7 Airlines,г. Баргузин,г. Лянтор,2024-03-08 08:24:12,2024-03-24 22:28:38,Прибыл,Boeing 767,Михеев Милан Ермолаевич
QT4058,S7 Airlines,г. Курганинск,п. Лесной (Сверд.),2024-02-11 07:51:31,2024-02-13 19:06:57,Отменен,Boeing 737,Петров Доброслав Устинович
UV8250,Utair,клх Калевала,д. Шатура,2024-06-03 06:14:42,2024-06-05 04:04:21,Отменен,Airbus A330,Сысоева Нинель Львовна
RC6332,Red Wings,клх Славгород,с. Златоуст,2024-05-17 17:57:39,2024-06-15 14:55:41,В пути,Boeing 777,Доронина Ирина Григорьевна
UY4631,Utair,г. Черский,г. Коломна,2024-01-28 18:06:59,2024-06-12 04:25:34,Запланирован,Boeing 737,Козлов Бронислав Артёмович
ED3097,S7 Airlines,п. Камышлов,ст. Уренгой,2024-02-10 20:47:03,2024-03-02 01:13:15,Прибыл,Boeing 737,Кондратий Марсович Зыков
UH8481,Red Wings,г. Томари,клх Нижнеудинск,2024-06-03 03:32:02,2024-06-12 12:23:26,Задержан,Airbus A330,Соболев Георгий Валерьянович
UX0884,Победа,клх Киренск,г. Череповец,2024-04-20 14:59:42,2024-06-07 09:29:19,В пути,Airbus A320,Аверьян Васильевич Павлов
QB8677,Red Wings,ст. Сосногорск,ст. Красная Поляна,2024-03-01 02:06:35,2024-03-11 07:13:19,Отменен,Boeing 777,Прасковья Оскаровна Лаврентьева
JB6073,Победа,клх Арсеньев,д. Губкин,2024-03-21 14:14:15,2024-06-14 12:03:00,В пути,Airbus A320,Беляков Константин Анатольевич
ZJ1708,Red Wings,ст. Приозерск,г. Верхний Баскунчак,2024-01-05 18:04:21,2024-04-03 19:02:41,Задержан,Airbus A320,Доброслав Артурович Савин
JX5270,Utair,д. Сладково,г. Лодейное Поле,2024-02-04 00:16:32,2024-05-14 23:33:41,В пути,Boeing 777,Регина Богдановна Боброва
FH3870,Победа,к. Ставрополь,ст. Губкинский,2024-01-18 10:14:13,2024-04-26 02:18:52,Отменен,Boeing 767,Регина Вячеславовна Вишнякова
OQ5672,S7 Airlines,с. Каргополь,д. Ишим,2024-05-06 19:39:04,2024-05-14 06:36:09,Запланирован,Boeing 767,Клавдия Афанасьевна Шашкова
KR8893,Аэрофлот,к. Жигулевск,к. Глазов,2024-03-13 16:56:04,2024-06-05 11:34:37,Задержан,Boeing 777,Нина Альбертовна Орлова
HY8652,Utair,ст. Киржач,д. Россошь,2024-01-15 16:43:01,2024-04-24 21:34:42,Отменен,Airbus A330,Михаил Игоревич Соколов
NS1434,Utair,д. Сочи,п. Видное,2024-03-15 15:03:52,2024-05-24 22:21:20,В пути,Boeing 777,Доброслав Ярославович Блохин
EE1494,Utair,п. Беслан,с. Нижнеудинск,2024-06-02 16:24:15,2024-06-04 20:35:06,В пути,Boeing 737,Игнатов Якуб Давыдович
DW4175,Аэрофлот,п. Домбай,п. Голицыно,2024-01-16 18:19:45,2024-02-01 10:37:11,В пути,Boeing 737,Беляев Аггей Герасимович
HB1734,Utair,п. Ангарск,г. Глазов,2024-01-31 11:41:57,2024-02-28 00:45:07,Отменен,Boeing 777,Филипп Евсеевич Тетерин
WW9999,Аэрофлот,к. Барнаул,клх Якша,2024-04-13 22:02:51,2024-05-12 21:02:09,Прибыл,Airbus A330,Амос Эдгарович Симонов
BO5206,Red Wings,д. Троицко-Печорск,п. Выборг,2024-01-03 02:23:33,2024-03-22 03:16:53,Прибыл,Boeing 777,Анжелика Рубеновна Кузнецова
WC3333,S7 Airlines,д. Карачаевск,п. Мостовской,2024-04-10 21:35:32,2024-04-29 09:13:17,Прибыл,Boeing 767,Прасковья Леоновна Кудряшова
YT6256,Аэрофлот,ст. Цимлянск,к. Канск,2024-05-18 08:40:39,2024-05-31 02:25:57,Запланирован,Airbus A330,Харитонов Станимир Фадеевич
FG6067,Победа,п. Буденновск,д. Ангарск,2024-05-06 02:36:37,2024-05-30 15:55:23,Задержан,Airbus A330,Копылов Аникита Фёдорович
QR3380,Победа,ст. Льгов,с. Северодвинск,2024-01-03 00:12:07,2024-05-04 03:51:06,Запланирован,Boeing 737,Агафья Никифоровна Гусева
OF2209,Аэрофлот,с. Буйнакск,клх Муравленко,2024-03-12 10:46:27,2024-04-02 19:13:03,Запланирован,Boeing 767,Назаров Остап Бенедиктович
LP0698,Utair,к. Ербогачен,п. Аргаяш,2024-05-23 14:40:39,2024-06-15 15:25:23,Задержан,Boeing 737,г-н Зуев Селиван Елизарович
NS3763,Red Wings,с. Двинской,клх Богучар,2024-06-13 15:39:10,2024-06-14 11:51:23,Прибыл,Airbus A330,София Эльдаровна Владимирова
PQ8805,Победа,ст. Южно-Курильск,к. Троицко-Печорск,2024-03-04 02:37:46,2024-03-29 15:28:59,В пути,Boeing 777,Игнатов Аркадий Юльевич
ZH3919,Red Wings,ст. Уренгой,к. Сковородино,2024-04-13 00:07:28,2024-04-16 02:30:22,Отменен,Boeing 777,Овчинников Викентий Харлампович
CO8782,S7 Airlines,клх Пушкинские Горы,с. Чегем,2024-03-06 11:07:12,2024-03-22 02:17:15,Запланирован,Boeing 737,Лаврентьева Евгения Святославовна
RC9245,Utair,с. Тосно,г. Рыльск,2024-02-26 00:38:06,2024-04-10 14:48:16,В пути,Boeing 737,Шубин Эраст Устинович
XP7909,Победа,д. Миллерово,клх Снежногорск (Мурм.),2024-04-27 10:42:55,2024-05-08 10:02:37,Прибыл,Boeing 767,Нинель Эльдаровна Казакова
WT3340,S7 Airlines,к. Темрюк,клх Якутск,2024-06-08 02:58:41,2024-06-13 22:54:54,Прибыл,Boeing 737,Иванова Анжела Святославовна
GT2528,Red Wings,ст. Шенкурск,г. Уварово,2024-05-25 23:25:12,2024-06-09 08:22:44,Прибыл,Boeing 777,Бобров Гостомысл Валерианович
TU9321,Red Wings,клх Тимашевск,ст. Ессентуки,2024-06-11 06:34:32,2024-06-15 15:30:00,Отменен,Airbus A330,Ананий Валерьянович Тимофеев
UP5410,S7 Airlines,к. Жиганск,клх Ведено,2024-04-12 20:03:28,2024-04-14 09:32:42,Задержан,Airbus A320,Ипполит Харлампович Артемьев
NP9049,Аэрофлот,г. Пышма,д. Набережные Челны,2024-03-14 14:36:50,2024-06-05 23:06:55,Прибыл,Airbus A320,Евгения Руслановна Кириллова
JZ2880,Utair,г. Ирбит,с. Пушкино (Моск.),2024-03-07 02:47:09,2024-03-25 08:38:38,В пути,Boeing 737,Юлиан Геннадиевич Ильин
ML9734,S7 Airlines,ст. Бологое,ст. Снежинск,2024-02-02 03:20:48,2024-02-15 06:05:55,Прибыл,Boeing 767,Турова Ия Сергеевна
CN6636,Аэрофлот,с. Петропавловск-Камчатский,с. Сортавала,2024-03-07 15:58:28,2024-04-02 19:37:17,Запланирован,Boeing 777,тов. Калинин Клавдий Игнатьевич
QK6176,Аэрофлот,п. Ряжск,г. Минеральные Воды,2024-01-26 08:48:24,2024-03-21 23:16:44,Прибыл,Airbus A330,Мартынов Аскольд Ерофеевич
FV9244,Победа,д. Дубна,ст. Приморско-Ахтарск,2024-01-16 14:35:45,2024-04-01 09:37:43,Прибыл,Boeing 737,Устинова Анжелика Матвеевна
VN9478,Utair,п. Подольск,п. Раменское,2024-02-26 00:49:31,2024-05-29 21:11:36,Прибыл,Boeing 767,Кондратьева Ангелина Эдуардовна
FG3887,Red Wings,г. Кудымкар,п. Белокуриха,2024-05-07 03:30:26,2024-06-15 07:52:22,В пути,Airbus A330,Ладимир Федосеевич Кузьмин
SO0583,Utair,г. Ребриха,г. Славгород,2024-04-23 22:46:08,2024-05-04 18:48:00,Отменен,Airbus A330,Майя Даниловна Кабанова
FW0180,Аэрофлот,клх Таганрог,ст. Владикавказ,2024-01-16 03:28:12,2024-01-17 12:22:18,Прибыл,Airbus A330,Ладимир Бенедиктович Журавлев
IO2337,Utair,с. Краснотурьинск,ст. Переславль-Залесский,2024-03-25 07:58:38,2024-04-05 16:22:24,Запланирован,Boeing 767,Клавдия Архиповна Фомичева
CG3940,Победа,г. Сызрань,ст. Кириши,2024-05-21 00:59:46,2024-05-28 06:17:35,В пути,Airbus A330,Куприян Дорофеевич Белозеров
MY0260,Red Wings,д. Кингисепп,клх Макушино,2024-05-04 23:50:05,2024-06-06 15:35:16,В пути,Boeing 737,Моисей Елизарович Овчинников
RL2948,Победа,к. Вилюйск,с. Беслан,2024-02-06 15:55:17,2024-04-06 14:44:51,Задержан,Boeing 737,Мина Еремеевич Селезнев
UP3818,Аэрофлот,с. Кош-Агач,д. Североморск,2024-03-02 10:16:40,2024-03-05 11:13:14,Запланирован,Boeing 777,Ковалев Исидор Фомич
BX3766,Red Wings,к. Усть-Илимск,с. Ребриха,2024-05-25 03:27:15,2024-06-15 05:16:26,Отменен,Boeing 777,Авдеева Майя Павловна
MG6491,Red Wings,с. Южноуральск,клх Плесецк,2024-05-10 12:00:21,2024-05-19 16:44:40,Запланирован,Boeing 777,Молчанова Олимпиада Владиславовна
DB2869,Победа,к. Прохладный,г. Чусовой,2024-04-26 09:11:49,2024-05-10 09:20:51,Прибыл,Airbus A320,Журавлева Анжелика Владиславовна
RB5655,S7 Airlines,ст. Тамбей,к. Анадырь,2024-01-17 21:38:22,2024-02-29 00:19:19,В пути,Boeing 737,Куприян Теймуразович Колобов
AB9619,Победа,д. Ямбург,д. Оса,2024-02-21 00:32:50,2024-04-17 05:13:52,Отменен,Boeing 737,Тамара Николаевна Гусева
WN0785,S7 Airlines,ст. Нязепетровск,ст. Новороссийка,2024-04-02 04:25:06,2024-04-28 09:27:30,Прибыл,Airbus A320,Волков Изот Юльевич
QF5374,Победа,д. Корсаков,ст. Шадринск,2024-04-01 13:26:25,2024-05-04 09:19:49,Отменен,Boeing 777,Святополк Бориславович Лихачев
JX2179,S7 Airlines,с. Усть-Катав,п. Челябинск,2024-02-01 19:28:51,2024-05-05 00:18:32,Задержан,Airbus A320,Иванна Юльевна Вишнякова
JC3408,Red Wings,г. Териберка,г. Чусовой,2024-02-14 18:26:12,2024-05-20 15:24:57,В пути,Airbus A320,Агафонова Анжелика Геннадьевна
SV0882,S7 Airlines,п. Владимир,клх Сортавала,2024-04-05 12:25:21,2024-04-15 17:15:01,В пути,Boeing 737,Парамон Харлампьевич Лаврентьев
UL3156,Победа,клх Воскресенск,ст. Лабытнанги,2024-04-11 11:31:19,2024-05-30 20:20:36,Задержан,Boeing 767,Беляева Виктория Дмитриевна
WT2796,S7 Airlines,п. Середниково,клх Териберка,2024-04-21 08:37:51,2024-04-25 05:03:01,В пути,Boeing 767,Творимир Всеволодович Алексеев
BB6455,Red Wings,к. Сергиев Посад,клх Северодвинск,2024-02-25 06:25:49,2024-05-31 05:25:56,Запланирован,Boeing 777,Гришина Анжела Эдуардовна
CA3913,Аэрофлот,к. Наро-Фоминск,"д. Москва, МГУ",2024-01-19 04:04:38,2024-05-22 00:02:37,Отменен,Boeing 737,Надежда Болеславовна Рыбакова
LY8955,Red Wings,клх Советский,г. Ноябрьск,2024-01-03 12:05:26,2024-06-14 19:53:23,Отменен,Boeing 767,Василиса Харитоновна Анисимова
SY7601,Победа,г. Ковров,д. Нефтеюганск,2024-03-07 15:22:45,2024-03-25 01:15:06,В пути,Boeing 767,Прасковья Болеславовна Стрелкова
LX6735,Red Wings,клх Верещагино (Перм.),г. Оренбург,2024-02-03 20:41:15,2024-04-09 17:49:00,Прибыл,Boeing 737,Акулина Геннадиевна Устинова
EB3049,Аэрофлот,г. Павловская,клх Чебоксары,2024-03-11 23:46:26,2024-06-15 15:13:08,Прибыл,Airbus A320,Дмитриева София Болеславовна
IM2932,S7 Airlines,клх Северобайкальск,г. Кизел,2024-04-21 03:05:58,2024-05-22 17:06:02,Отменен,Airbus A330,Владислав Анатольевич Симонов
IF5400,S7 Airlines,с. Озеры,д. Усть-Джегута,2024-04-24 13:38:45,2024-04-29 15:53:08,Отменен,Airbus A320,Пелагея Архиповна Дементьева
LR4933,Red Wings,клх Тольятти,г. Архангельск,2024-03-30 15:51:26,2024-04-20 00:32:33,В пути,Boeing 767,Михеев Ювеналий Фомич
WE5087,Победа,п. Петрозаводск,клх Курск,2024-04-04 00:13:08,2024-06-12 03:54:59,Отменен,Boeing 737,Вадим Федосьевич Щукин
EV7881,Utair,к. Подольск,с. Новомосковск,2024-05-09 21:20:19,2024-05-26 02:50:27,Отменен,Airbus A320,Григорьева Глафира Константиновна
MN0375,S7 Airlines,ст. Холмогоры,клх Кропоткин (Краснод.),2024-01-16 11:37:04,2024-04-07 03:50:04,В пути,Boeing 777,Виктория Ефимовна Мельникова
WI8053,Аэрофлот,п. Казань,д. Тула,2024-01-05 12:38:46,2024-03-31 03:29:40,Прибыл,Boeing 777,Евграф Фадеевич Ситников
AF4666,Победа,с. Ахтубинск,с. Нягань,2024-05-21 00:30:51,2024-06-15 07:18:54,Отменен,Airbus A330,Мария Кузьминична Ларионова
KA6273,Utair,г. Орел,г. Чита,2024-04-04 21:02:18,2024-05-19 17:59:25,Задержан,Airbus A320,Егор Демьянович Денисов
ZV0325,Аэрофлот,к. Дагомыс,клх Ковров,2024-01-17 16:43:38,2024-02-01 17:39:14,Задержан,Boeing 777,Тарасов Флорентин Тихонович
AE3213,Red Wings,г. Выборг,д. Псебай,2024-02-25 19:42:16,2024-03-19 16:58:43,В пути,Boeing 777,Елисей Андреевич Цветков
GY3594,Utair,д. Оренбург,п. Белокуриха,2024-03-01 09:54:33,2024-03-02 12:15:27,Запланирован,Boeing 767,Молчанов Аполлон Ефимьевич
QU1560,S7 Airlines,п. Холмск,с. Октябрьское (Хант.),2024-03-14 12:31:31,2024-04-28 23:28:34,Задержан,Boeing 767,Агап Гавриилович Некрасов
TX1532,S7 Airlines,клх Охотск,г. Устюжна,2024-01-06 06:30:26,2024-06-02 23:04:35,Запланирован,Airbus A320,Трофимова Клавдия Леонидовна
ZL1210,S7 Airlines,д. Шали,к. Уварово,2024-04-13 20:07:13,2024-04-28 07:32:15,Запланирован,Airbus A320,Калинина Глафира Анатольевна
PA0285,Utair,клх Аргаяш,к. Тарко-Сале,2024-01-03 19:03:45,2024-02-18 18:43:40,Запланирован,Boeing 767,Горбунова Василиса Тимофеевна
QW6278,Utair,п. Шилка,к. Палана,2024-01-01 17:29:43,2024-05-02 19:30:45,Отменен,Boeing 737,Веселов Лукьян Жоресович
FE8967,Utair,д. Павловский Посад,п. Кизляр,2024-01-26 22:17:10,2024-01-28 21:55:42,Отменен,Airbus A320,Миронов Андрон Даниилович
FB9232,Red Wings,ст. Ясный (Оренб.),клх Сузун,2024-05-09 00:25:54,2024-05-11 08:48:28,Запланирован,Airbus A320,Третьяков Никодим Гордеевич
OD2915,Red Wings,д. Белорецк,п. Ахтубинск,2024-04-22 17:36:05,2024-05-06 01:58:01,Запланирован,Boeing 777,Рябова Иванна Степановна
GN2874,Utair,г. Бологое,ст. Горячий Ключ,2024-06-08 20:29:05,2024-06-13 15:48:10,Запланирован,Airbus A330,Петухов Спиридон Витальевич
YY5437,Utair,клх Белогорск (Амур.),д. Усть-Джегута,2024-02-25 08:26:26,2024-02-25 08:44:19,Задержан,Boeing 737,Владислав Фадеевич Евдокимов
ER0484,Аэрофлот,с. Уфа,г. Тула,2024-04-20 13:30:48,2024-05-23 11:33:46,Отменен,Boeing 737,Людмила Алексеевна Родионова
NE0186,Utair,клх Улан-Удэ,д. Верхоянск,2024-05-19 02:25:26,2024-06-12 18:54:54,Задержан,Boeing 767,Боброва Акулина Руслановна
GU4985,Red Wings,к. Ардон,д. Серпухов,2024-02-16 13:43:56,2024-04-15 06:06:55,Задержан,Boeing 737,Матвеева Милица Андреевна
UC2717,Utair,с. Дзержинск,к. Кудымкар,2024-04-13 10:56:59,2024-05-17 16:02:27,Задержан,Boeing 737,Сидоров Дорофей Иларионович
MX7629,Red Wings,клх Троицко-Печорск,с. Югорск,2024-03-10 09:11:29,2024-04-25 11:47:31,В пути,Boeing 737,Федосеев Дементий Егорович
PU3697,Аэрофлот,ст. Шатой,г. Ханты-Мансийск,2024-04-08 12:44:33,2024-05-03 22:30:27,В пути,Airbus A320,Кир Денисович Филиппов
AX5412,Red Wings,д. Усолье Сибирское,с. Ачхой Мартан,2024-01-03 02:02:04,2024-03-31 02:31:01,В пути,Boeing 737,Анжела Кузьминична Орехова
QH7719,S7 Airlines,г. Уфа,ст. Алагир,2024-03-17 16:11:08,2024-03-18 17:29:10,Прибыл,Airbus A330,Гурьев Станимир Ефремович
IF6878,Utair,ст. Тамбов,п. Карталы,2024-05-07 13:22:47,2024-05-22 08:23:32,Отменен,Boeing 737,Василиса Ждановна Лукина
VI6432,Победа,д. Костомукша,д. Быково (метеост.),2024-01-24 03:11:48,2024-01-31 19:31:11,Запланирован,Airbus A320,Ульяна Матвеевна Исаева
AK7138,S7 Airlines,д. Пышма,д. Яшкуль,2024-04-18 15:53:21,2024-06-08 20:14:57,Задержан,Airbus A330,Владимиров Григорий Давыдович
WT8087,S7 Airlines,клх Сургут (Хант.),п. Набережные Челны,2024-02-12 06:05:43,2024-04-22 18:03:20,Задержан,Boeing 767,Ершов Александр Игоревич
EN0784,Red Wings,п. Новосибирск,к. Когалым,2024-06-07 17:37:11,2024-06-09 08:44:46,Прибыл,Boeing 767,Капустина Кира Рубеновна
XQ5890,Аэрофлот,клх Старый Оскол,с. Бавлы,2024-02-15 12:23:43,2024-04-21 00:02:52,В пути,Airbus A330,Дьячкова Милица Михайловна
CD0172,Победа,ст. Гусь-Хрустальный,клх Арсеньев,2024-02-20 02:00:30,2024-06-11 19:33:38,В пути,Airbus A330,Матвеева Зоя Кирилловна
DO5699,Победа,д. Сыктывкар,клх Сергиев Посад,2024-02-15 20:26:40,2024-04-27 23:10:32,Прибыл,Airbus A320,Смирнова Нонна Робертовна
EJ8993,Победа,клх Шатой,г. Раменское,2024-02-04 21:30:09,2024-04-09 22:43:38,Запланирован,Boeing 737,Юрий Анисимович Алексеев
CP7290,Аэрофлот,к. Богучар,д. Мончегорск,2024-05-19 13:57:22,2024-05-19 21:08:07,Задержан,Boeing 737,Ларионов Вениамин Бенедиктович
TQ8171,Utair,клх Певек,п. Истра,2024-03-06 01:22:49,2024-04-13 22:32:26,В пути,Boeing 737,Галкина Прасковья Ивановна
IG4329,S7 Airlines,к. Петушки,ст. Тихвин,2024-01-17 23:29:11,2024-06-10 06:34:12,Отменен,Boeing 777,Ефремов Добромысл Эдуардович
YO4261,Utair,к. Соль-Илецк,ст. Калачинск,2024-03-17 20:24:36,2024-05-04 11:29:52,В пути,Airbus A320,Шилова Светлана Харитоновна
RR7640,Utair,ст. Мончегорск,г. Прохладный,2024-04-07 09:21:06,2024-06-15 02:52:17,Прибыл,Airbus A330,Смирнова Акулина Феликсовна
CH5352,Победа,к. Махачкала,д. Алексин,2024-05-26 21:35:40,2024-06-05 03:42:03,Прибыл,Airbus A330,Савватий Матвеевич Агафонов
LM1731,Utair,д. Нурлат,п. Архангельск,2024-03-21 12:22:32,2024-06-10 17:28:16,Прибыл,Boeing 777,Капустин Евдоким Бориславович
AO0427,Аэрофлот,ст. Тымовское,с. Октябрьский (Башк.),2024-05-30 19:12:50,2024-06-10 19:50:50,Отменен,Airbus A320,Владлен Феодосьевич Беляков
HO5255,Аэрофлот,к. Тосно,клх Звенигород,2024-06-11 15:33:54,2024-06-12 06:01:23,Задержан,Airbus A330,Андреева Надежда Семеновна
IA4551,Red Wings,г. Терней,п. Лагань,2024-02-03 08:03:32,2024-04-25 01:59:59,Задержан,Boeing 767,Ксения Степановна Чернова
RP4248,Red Wings,с. Волхов,с. Карабудахкент,2024-04-12 05:44:49,2024-05-25 14:25:04,Отменен,Boeing 767,Агап Эдуардович Самойлов
BG0441,Utair,п. Рыльск,ст. Когалым,2024-04-04 08:01:21,2024-05-05 01:18:15,Отменен,Airbus A330,Сила Иосипович Маслов
RK7851,Аэрофлот,д. Сусуман,д. Ковров,2024-01-23 03:32:11,2024-05-16 00:31:18,Задержан,Boeing 737,Анжела Дмитриевна Коновалова
MS9320,Red Wings,г. Курганинск,п. Ершов,2024-04-30 08:01:36,2024-05-03 13:28:31,Задержан,Airbus A320,Калинин Пров Антипович
HN5305,Победа,клх Дивногорск,с. Чегем,2024-01-29 00:12:36,2024-04-12 14:02:57,В пути,Boeing 767,Владимирова Виктория Вадимовна
OF2655,Red Wings,ст. Анапа,г. Волгоград,2024-06-01 19:10:58,2024-06-06 00:47:44,Прибыл,Boeing 767,Мухин Тит Харлампович
IM2580,Победа,с. Руза,п. Усть-Кут,2024-04-18 03:18:00,2024-06-09 20:00:08,Задержан,Boeing 767,Пономарева Елизавета Альбертовна
CL3751,S7 Airlines,ст. Ивдель,ст. Оха,2024-01-04 14:20:00,2024-02-19 23:57:31,Прибыл,Airbus A330,Наталья Петровна Цветкова
NT9492,Победа,п. Билибино,клх Байкальск,2024-05-26 08:45:28,2024-05-26 09:02:33,Задержан,Boeing 767,Дмитрий Дорофеевич Сорокин
SS5553,S7 Airlines,п. Буденновск,г. Белореченск,2024-04-27 07:00:45,2024-06-15 22:36:28,Задержан,Boeing 737,Артем Германович Павлов
DB2398,Utair,д. Курчатов,ст. Рославль,2024-04-10 22:03:50,2024-06-10 14:43:36,В пути,Boeing 767,Субботин Савва Григорьевич
VG2829,Победа,к. Мостовской,п. Анива,2024-03-19 23:44:29,2024-03-24 21:23:10,Прибыл,Airbus A320,Соболев Мир Афанасьевич
SB5747,Аэрофлот,п. Геленджик,ст. Артем,2024-03-17 19:32:46,2024-04-28 07:28:56,Запланирован,Boeing 767,Бобров Софрон Тарасович
PZ4073,S7 Airlines,п. Смирных,клх Камень-на-Оби,2024-06-05 10:57:54,2024-06-10 11:47:39,Задержан,Boeing 737,Ильин Касьян Димитриевич
ZL7965,Победа,ст. Архыз,с. Владимир,2024-02-09 09:00:21,2024-06-16 08:20:56,Прибыл,Airbus A320,Гусева Евдокия Александровна
LC2855,Аэрофлот,ст. Новокузнецк,п. Юрьев-Польский,2024-05-21 19:05:12,2024-06-04 07:31:10,Задержан,Airbus A320,Валерия Вениаминовна Тетерина
CH4781,Победа,ст. Игарка,к. Домбай,2024-04-09 09:33:30,2024-05-20 11:31:15,В пути,Airbus A330,Герасим Антипович Федосеев
QV0783,Аэрофлот,с. Каспийск,клх Ямбург,2024-04-23 02:47:15,2024-05-14 15:48:16,Отменен,Boeing 767,Анна Феликсовна Фокина
IJ7829,Red Wings,к. Кяхта,ст. Белорецк,2024-04-11 13:09:51,2024-06-03 21:02:01,Отменен,Airbus A330,Макарова Фаина Юрьевна
PP5782,Аэрофлот,с. Дивногорск,д. Муравленко,2024-05-16 16:12:21,2024-06-12 23:36:44,Запланирован,Airbus A330,Октябрина Эдуардовна Евсеева
JA1352,Победа,п. Дудинка,п. Архыз,2024-04-04 20:58:35,2024-05-02 14:48:10,В пути,Airbus A320,Юрий Захарьевич Ширяев
GL8362,Победа,с. Саранск,клх Кузнецк,2024-05-04 18:42:36,2024-05-21 09:35:44,Прибыл,Boeing 767,Евдокия Юльевна Васильева
FK7164,S7 Airlines,п. Наро-Фоминск,с. Слюдянка,2024-03-12 07:31:14,2024-03-16 23:10:36,Прибыл,Boeing 777,Петухов Фадей Харитонович
PT7024,Аэрофлот,к. Малгобек,п. Азов (Рост.),2024-01-17 05:15:34,2024-03-16 05:20:39,Задержан,Boeing 737,Ювеналий Брониславович Филиппов
JS5010,Победа,клх Коломна,к. Горно-Алтайск,2024-01-04 09:34:54,2024-03-08 12:17:04,В пути,Boeing 737,Мария Егоровна Никонова
LJ4697,Utair,ст. Златоуст,п. Миасс,2024-03-02 05:18:01,2024-05-24 08:20:20,Отменен,Boeing 767,Леонид Адрианович Сергеев
RI1988,Red Wings,г. Чита,клх Таштагол,2024-03-19 07:20:05,2024-04-16 23:36:56,Задержан,Boeing 767,Федотов Лучезар Терентьевич
MJ2675,Red Wings,д. Белокуриха,д. Прохладный,2024-02-18 06:46:35,2024-02-19 20:39:01,Прибыл,Boeing 767,Эрнест Фокич Корнилов
FP5771,Аэрофлот,с. Белогорск (Амур.),клх Шуя,2024-01-19 08:51:15,2024-05-21 19:36:14,В пути,Boeing 767,Евфросиния Дмитриевна Мартынова
NB5947,Red Wings,клх Брянск,клх Корсаков,2024-01-15 11:19:22,2024-03-22 19:27:26,В пути,Boeing 767,Киселева Зоя Станиславовна
VQ0705,Аэрофлот,ст. Ангарск,г. Шали,2024-02-22 08:36:06,2024-06-03 20:22:43,В пути,Airbus A330,Феврония Аркадьевна Копылова
NL0020,Utair,с. Волгодонск,г. Краснодар,2024-03-17 13:51:16,2024-05-01 04:34:33,Запланирован,Airbus A330,Платон Валерианович Ильин
DO9244,Utair,д. Агата,ст. Калач,2024-05-16 15:30:07,2024-05-24 03:58:00,В пути,Airbus A320,Филиппов Вацлав Валентинович
HT0315,Utair,к. Анапа,с. Дубна,2024-05-19 15:24:17,2024-05-31 00:49:32,В пути,Boeing 777,Панфилова Нонна Эльдаровна
AL1165,Red Wings,г. Абакан,г. Макушино,2024-05-09 16:52:04,2024-05-23 23:48:42,Задержан,Boeing 767,Антонин Алексеевич Ситников
QG4784,Utair,с. Чехов,г. Бийск,2024-01-31 17:52:18,2024-06-07 11:35:49,Задержан,Airbus A330,Агафья Вадимовна Ильина
EE0785,Utair,г. Вытегра,клх Верхний Уфалей,2024-03-24 06:44:30,2024-05-21 20:42:17,Запланирован,Boeing 737,Соболев Ульян Васильевич
QE5901,Аэрофлот,к. Россошь,г. Ковров,2024-05-31 23:18:38,2024-06-02 14:02:39,Задержан,Airbus A330,Олимпий Димитриевич Субботин
WB4211,Utair,к. Белоярский,с. Северодвинск,2024-03-22 12:44:45,2024-06-06 02:23:51,Отменен,Airbus A330,Александра Вениаминовна Сидорова
HY8822,Аэрофлот,п. Советский,п. Пенза,2024-06-06 23:49:07,2024-06-15 10:07:09,Отменен,Boeing 777,Никанор Тимурович Соколов
KT3460,Red Wings,к. Сортавала,с. Соболево,2024-05-25 18:29:52,2024-06-07 17:50:59,Отменен,Airbus A330,Петров Парамон Фомич
SZ0866,Utair,с. Соль-Илецк,клх Ачинск,2024-01-31 12:20:26,2024-02-28 17:56:25,Прибыл,Boeing 737,Логинов Тимофей Владиславович
BB7606,S7 Airlines,клх Славгород,к. Киренск,2024-05-31 01:25:40,2024-06-16 20:28:39,Задержан,Boeing 737,Артемьева Валерия Руслановна
AF9491,S7 Airlines,д. Тында,д. Усть-Калманка,2024-04-17 11:09:18,2024-04-20 07:48:27,В пути,Airbus A330,Беспалов Ефрем Иларионович
AE2426,Red Wings,д. Павловская,с. Елабуга,2024-02-28 01:40:46,2024-04-18 02:41:12,Запланирован,Boeing 767,Хохлова Анжела Константиновна
FW5051,Utair,ст. Каргасок,к. Нижнекамск,2024-04-17 02:46:45,2024-05-21 06:57:26,Отменен,Boeing 777,Матвеева Элеонора Архиповна
PO7265,Red Wings,к. Малгобек,ст. Каргополь,2024-02-09 15:57:10,2024-05-31 04:26:00,В пути,Airbus A330,Капустин Игорь Гавриилович
ML5992,S7 Airlines,с. Яшалта,с. Советский,2024-05-20 00:11:24,2024-05-20 02:40:04,Запланирован,Boeing 767,Агафон Георгиевич Антонов
CA8284,Победа,д. Быково (метеост.),п. Кемерово,2024-06-02 17:26:58,2024-06-05 22:11:04,Задержан,Airbus A330,Стрелков Пимен Ильясович
BP0140,Red Wings,п. Верхний Баскунчак,п. Любань,2024-03-19 17:09:50,2024-05-23 08:05:03,Запланирован,Airbus A320,Медведев Вячеслав Аксёнович
DS4958,Победа,г. Усть-Баргузин,клх Тосно,2024-06-02 14:54:45,2024-06-05 23:32:02,Запланирован,Boeing 767,Тарасов Натан Августович
US8318,Utair,ст. Неплюевка,п. Вуктыл,2024-04-29 20:24:40,2024-05-12 19:26:31,Отменен,Boeing 737,Осип Гертрудович Анисимов
CM9467,Utair,п. Находка,клх Ханты-Мансийск,2024-05-04 15:04:01,2024-05-25 03:30:38,В пути,Airbus A330,Валерий Вячеславович Носков
HJ4056,S7 Airlines,д. Белый Яр (Томск.),ст. Уфа,2024-02-04 22:23:14,2024-05-04 14:41:25,Отменен,Boeing 767,Элеонора Богдановна Ларионова
IB9567,Победа,клх Дзержинск,клх Орск,2024-03-24 19:17:49,2024-03-31 03:58:24,Запланирован,Airbus A330,Олимпиада Петровна Кононова
YU4035,Победа,клх Серебряные Пруды,клх Нарткала,2024-03-01 14:30:03,2024-04-13 03:44:05,Задержан,Boeing 767,Медведева Евдокия Вячеславовна
AA5856,S7 Airlines,к. Галич,с. Калязин,2024-03-03 11:05:09,2024-04-11 23:52:52,Прибыл,Airbus A320,Трофимов Савелий Данилович
ZN8697,Победа,д. Сусуман,г. Морозовск,2024-01-20 20:39:52,2024-06-05 06:45:57,Отменен,Airbus A330,Всеслав Дорофеевич Логинов
QC4215,Utair,ст. Саянск,п. Славянск-на-Кубани,2024-06-10 04:41:53,2024-06-16 10:17:38,В пути,Boeing 767,Силина Синклитикия Николаевна
WY2715,Аэрофлот,д. Джубга,ст. Кунгур,2024-04-05 23:15:25,2024-05-22 20:18:45,Запланирован,Boeing 767,Беляев Эрнест Даниилович
HD1455,Аэрофлот,с. Инта,д. Мончегорск,2024-01-11 02:53:08,2024-03-16 11:05:36,Отменен,Boeing 767,Кононова Таисия Оскаровна
CG9449,Utair,д. Кондопога,г. Ясный (Оренб.),2024-01-30 09:43:09,2024-05-03 11:15:42,Прибыл,Boeing 777,Михей Викентьевич Воробьев
PY3128,S7 Airlines,с. Набережные Челны,ст. Мураши,2024-03-10 11:34:18,2024-03-24 16:10:08,Отменен,Boeing 777,Иванна Яковлевна Доронина
LG6977,Победа,к. Оха,д. Тамбов,2024-01-16 17:45:49,2024-05-05 14:33:44,Прибыл,Boeing 767,Всеволод Иосипович Кириллов
DB4637,Utair,п. Палана,клх Красногорск (Моск.),2024-01-25 14:15:30,2024-03-08 17:12:10,В пути,Boeing 737,Куликов Лавр Васильевич
AS0721,Победа,д. Тутончаны,с. Добрянка,2024-06-03 00:14:04,2024-06-06 08:07:29,Прибыл,Boeing 737,Нина Николаевна Казакова
KO9114,Аэрофлот,д. Благовещенск (Амур.),с. Бузулук,2024-05-22 12:20:17,2024-06-15 10:38:42,Задержан,Airbus A320,Федор Захарьевич Шаров
FB4453,Utair,ст. Кондопога,с. Тикси,2024-02-11 03:11:08,2024-02-17 22:10:48,Прибыл,Boeing 767,Морозов Бажен Марсович
VU0800,S7 Airlines,к. Великие Луки,д. Барнаул,2024-05-16 11:36:32,2024-06-16 03:42:21,В пути,Boeing 737,Лукьян Бенедиктович Фомичев
FX2854,Red Wings,клх Енисейск,ст. Тырныауз,2024-04-30 18:59:51,2024-05-17 03:23:10,Запланирован,Boeing 737,Аким Брониславович Петров
CB6683,S7 Airlines,д. Северо-Курильск,п. Гудермес,2024-01-17 00:13:02,2024-03-05 00:41:29,Прибыл,Boeing 777,Коновалов Гедеон Марсович
UI9775,Победа,к. Тосно,г. Усть-Кулом,2024-01-24 16:21:32,2024-06-06 00:27:42,Запланирован,Boeing 777,Петров Ювеналий Гаврилович
GD6403,Red Wings,к. Воткинск,д. Беслан,2024-06-07 06:20:07,2024-06-11 15:06:45,Запланирован,Airbus A320,Анжела Леоновна Попова
HP7645,Utair,п. Сызрань,к. Можга,2024-04-19 18:08:46,2024-05-14 20:35:51,Задержан,Airbus A330,Яковлев Елизар Дорофеевич
KU3713,Аэрофлот,к. Истра,клх Тында,2024-02-12 22:22:24,2024-03-14 00:56:10,Запланирован,Boeing 777,Лобанов Исай Эдгардович
BC7290,Red Wings,г. Арзамас,г. Одинцово,2024-06-03 01:38:34,2024-06-03 07:45:12,В пути,Boeing 767,Захаров Филипп Исидорович
KC5199,Победа,п. Алдан,г. Каневская,2024-02-22 04:08:52,2024-05-02 07:32:40,Прибыл,Airbus A320,Прокл Владиленович Емельянов
JX1319,Победа,к. Воронеж,с. Каменск-Уральский,2024-04-17 21:07:44,2024-06-07 16:06:07,Прибыл,Boeing 767,Князева Варвара Георгиевна
PM6278,S7 Airlines,д. Зарайск,с. Ноябрьск,2024-01-04 20:01:06,2024-04-23 11:33:30,Задержан,Boeing 737,Зыков Гостомысл Григорьевич
LR5586,Аэрофлот,г. Южноуральск,д. Дагомыс,2024-04-08 10:21:59,2024-05-17 12:54:15,Задержан,Boeing 767,Рыбакова Синклитикия Богдановна
PR4455,Аэрофлот,к. Карталы,с. Токсово,2024-03-16 21:51:02,2024-04-21 18:34:11,В пути,Boeing 737,Прокофий Зиновьевич Калинин
LW6556,Победа,г. Чехов,п. Шатура,2024-03-19 12:02:37,2024-06-01 13:51:23,Прибыл,Airbus A320,Радим Юлианович Веселов
BJ3709,S7 Airlines,п. Соболево,с. Троицк (Челяб.),2024-01-24 17:13:28,2024-01-28 02:36:26,Прибыл,Boeing 737,Ульяна Вадимовна Горшкова
NV4942,Red Wings,с. Бугульма,д. Невьянск,2024-06-03 23:07:33,2024-06-12 05:25:07,В пути,Boeing 767,Борисов Лукьян Демидович
VQ9443,Utair,п. Серебряные Пруды,г. Снежногорск (Мурм.),2024-02-05 13:55:28,2024-04-21 07:11:10,Задержан,Airbus A330,Белоусова Прасковья Владимировна
GQ4964,S7 Airlines,п. Тольятти,г. Ведено,2024-01-08 07:02:18,2024-01-19 18:01:44,Прибыл,Boeing 767,Ян Гордеевич Гордеев
QF1207,Utair,к. Каргополь,с. Стерлитамак,2024-02-26 12:57:39,2024-05-05 14:46:03,Прибыл,Boeing 737,Анжелика Ивановна Мишина
SF3642,Аэрофлот,д. Канск,клх Ульяновск,2024-04-24 21:30:06,2024-05-08 20:01:39,В пути,Boeing 737,Попов Ювеналий Зиновьевич
ZJ7653,Red Wings,п. Мураши,с. Тымовское,2024-04-23 13:18:42,2024-05-08 18:34:29,Отменен,Boeing 777,Жанна Ждановна Комиссарова
QO7724,Аэрофлот,к. Онега,г. Курильск,2024-04-07 01:43:44,2024-05-03 15:55:03,Прибыл,Boeing 777,Бирюков Геннадий Демидович
QQ2478,Utair,д. Вуктыл,клх Валаам,2024-06-07 00:47:40,2024-06-08 01:31:24,В пути,Airbus A320,София Ивановна Ситникова
BH3690,Победа,д. Бузулук,г. Приозерск,2024-05-17 07:52:07,2024-06-12 23:38:26,Задержан,Boeing 737,Попова Анжелика Федоровна
JS9634,Utair,к. Воркута,ст. Бреды,2024-03-16 01:21:15,2024-03-22 14:27:10,Отменен,Boeing 737,Сазонова Марфа Петровна
KB6124,Аэрофлот,г. Новая Игирма,к. Шилка,2024-02-18 11:23:18,2024-04-16 04:43:05,Задержан,Airbus A330,Степанова Евпраксия Кирилловна
BC8641,Победа,п. Лабытнанги,д. Томари,2024-06-12 04:36:49,2024-06-12 08:08:35,Прибыл,Boeing 767,Измаил Игоревич Орлов
QN7333,Победа,с. Токсово,г. Ахтубинск,2024-03-20 08:57:29,2024-06-15 08:33:08,В пути,Airbus A320,Исай Венедиктович Зыков
YA2622,S7 Airlines,с. Кизляр,ст. Сургут (Хант.),2024-03-03 11:20:59,2024-04-04 21:36:07,Запланирован,Boeing 737,Кириллов Самсон Адамович
NR9413,Аэрофлот,к. Яшкуль,п. Охотск,2024-05-03 17:51:19,2024-06-02 12:12:03,В пути,Airbus A320,Ювеналий Арсенович Захаров
AR1100,Red Wings,г. Соболево,д. Тырныауз,2024-05-30 01:11:25,2024-06-01 01:53:30,Прибыл,Airbus A330,Агафья Аркадьевна Ефимова
SR8945,Победа,клх Сургут (Хант.),п. Нефедова,2024-05-27 18:36:40,2024-06-08 01:41:58,Задержан,Boeing 777,Юдин Евгений Георгиевич
QT9461,Аэрофлот,клх Наро-Фоминск,к. Орехово-Зуево,2024-01-01 11:51:39,2024-01-16 22:58:07,В пути,Boeing 737,Попова Валентина Макаровна
FH9351,Red Wings,ст. Шелехов,клх Бронницы,2024-04-21 11:18:52,2024-06-08 04:25:54,Отменен,Boeing 777,Власова Алина Ефимовна
WW2245,Utair,г. Тамбов,к. Гудермес,2024-01-11 21:52:37,2024-06-05 18:58:08,Запланирован,Airbus A330,Силин Терентий Арсенович
VE8295,Utair,п. Ростов,к. Избербаш,2024-05-05 14:19:26,2024-06-14 23:20:04,Прибыл,Airbus A330,Суворова Елизавета Вениаминовна
AN5870,Аэрофлот,п. Минеральные Воды,ст. Карабулак,2024-03-13 00:40:04,2024-03-16 14:37:27,Прибыл,Airbus A330,Агата Матвеевна Гуляева
FY8151,Аэрофлот,клх Гагарин,ст. Усть-Баргузин,2024-04-10 10:57:30,2024-04-29 05:59:28,Запланирован,Boeing 767,Ксения Игоревна Молчанова
DB5886,Аэрофлот,к. Клин,п. Мирный,2024-04-16 13:43:50,2024-05-22 02:19:43,Запланирован,Boeing 777,Трофимов Алексей Брониславович
ZA6861,Red Wings,с. Рязань,п. Нефтеюганск,2024-06-06 21:27:45,2024-06-10 03:24:27,Прибыл,Boeing 767,Лапина Ульяна Ниловна
JW4170,Red Wings,п. Карабулак,ст. Когалым,2024-05-04 11:33:22,2024-06-02 15:02:58,Отменен,Airbus A330,Анисим Бенедиктович Исаков
XR6143,Utair,г. Кашхатау,к. Вологда,2024-02-22 20:18:08,2024-03-04 15:41:51,Отменен,Airbus A320,Ширяева Василиса Яковлевна
DK0753,Utair,ст. Стерлитамак,клх Инта,2024-02-25 06:56:57,2024-04-15 18:46:54,Прибыл,Boeing 767,Зуев Онуфрий Борисович
JG3086,Аэрофлот,д. Гремячинск (Бурят.),п. Калязин,2024-01-08 05:54:32,2024-06-06 22:34:29,Отменен,Boeing 737,Агафья Романовна Артемьева
NM5897,Utair,с. Середниково,ст. Егорьевск,2024-05-06 17:52:06,2024-05-10 07:27:13,Отменен,Airbus A330,Селезнева Раиса Олеговна
RP3187,S7 Airlines,п. Устюжна,г. Лабытнанги,2024-04-28 08:23:14,2024-06-04 13:28:09,Задержан,Airbus A320,Миронов Касьян Трофимович
PL2851,Победа,с. Сортавала,к. Североморск,2024-01-01 12:27:23,2024-04-04 09:10:52,Запланирован,Airbus A320,Фирс Власович Кузнецов
ZU7073,Red Wings,к. Енисейск,ст. Асино,2024-05-03 21:32:30,2024-06-02 09:35:12,Отменен,Boeing 767,Терентьева Марфа Григорьевна
DC6078,S7 Airlines,д. Железногорск(Курск.),ст. Курск,2024-01-05 07:37:04,2024-03-31 00:25:03,Задержан,Airbus A320,Макарова Маргарита Георгиевна
AK7059,Победа,к. Североморск,с. Дзержинск,2024-06-05 08:57:09,2024-06-15 01:09:20,Задержан,Boeing 767,Соловьева Лидия Натановна
FN9882,Utair,ст. Внуково (метеост.),клх Гудермес,2024-02-28 16:13:31,2024-06-02 19:05:56,Отменен,Boeing 767,Игнатова Клавдия Викторовна
MI6600,Red Wings,д. Оса,ст. Златоуст,2024-04-19 15:13:18,2024-04-25 08:12:01,Запланирован,Boeing 777,Таисия Игоревна Ильина
GI1490,S7 Airlines,клх Томари,клх Соликамск,2024-02-23 01:25:03,2024-05-26 05:50:06,Запланирован,Boeing 767,Раиса Ждановна Корнилова
JS6878,Utair,д. Усть-Илимск,к. Асбест,2024-03-24 06:31:27,2024-05-14 22:45:40,Отменен,Boeing 767,Аверьян Борисович Кулагин
HO9267,Победа,ст. Шатура,клх Тавда,2024-02-23 10:22:59,2024-05-27 19:19:39,Задержан,Boeing 777,Лебедева Лукия Николаевна
UP5727,Победа,клх Камышин,с. Новосибирск,2024-05-08 10:11:04,2024-06-14 02:31:58,Запланирован,Boeing 777,Калинина Нинель Евгеньевна
SC5084,Победа,г. Кудымкар,д. Юровск,2024-06-02 18:50:33,2024-06-16 13:57:19,Задержан,Boeing 767,Морозова Оксана Тимофеевна
ER2603,Аэрофлот,с. Радужный,с. Богучар,2024-05-30 08:24:58,2024-06-07 11:43:41,Задержан,Airbus A320,Субботин Борислав Ермолаевич
BR1978,S7 Airlines,к. Тутаев,к. Кашхатау,2024-04-10 06:55:27,2024-05-10 04:54:21,Прибыл,Boeing 777,Фомичева Эмилия Семеновна
AH6526,Red Wings,ст. Луга,п. Саратов,2024-01-23 17:24:23,2024-02-17 01:08:58,Отменен,Boeing 767,Зоя Архиповна Носова
VD6580,Red Wings,с. Ямбург,с. Холмогоры,2024-03-03 06:34:03,2024-03-22 02:11:21,Прибыл,Airbus A320,Филиппова Дарья Филипповна
AZ9987,Utair,г. Руза,г. Кинешма,2024-04-18 17:18:42,2024-05-26 20:33:44,В пути,Airbus A320,Пономарев Иван Филиппович
UM2018,Аэрофлот,клх Токсово,ст. Сургут (Хант.),2024-03-26 08:31:47,2024-05-10 00:01:28,Прибыл,Boeing 767,Эммануил Валентинович Баранов
BR2039,Red Wings,ст. Карабулак,г. Нижневартовск,2024-01-06 13:26:58,2024-04-07 04:44:42,Запланирован,Boeing 737,Галактион Артёмович Лебедев
WG2903,Utair,г. Адлер,к. Яхрома,2024-02-01 05:38:17,2024-03-06 12:30:00,Задержан,Airbus A320,Мишин Матвей Димитриевич
RX5131,Utair,п. Переславль-Залесский,клх Магадан,2024-01-22 05:32:31,2024-06-11 00:41:43,Прибыл,Boeing 777,Степанова Иванна Богдановна
AG5713,Аэрофлот,ст. Черский,к. Гагарин,2024-05-09 21:55:23,2024-06-13 17:55:59,Запланирован,Boeing 737,Доронин Митофан Захарьевич
DD1622,Utair,г. Усть-Кулом,клх Юрюзань,2024-03-08 20:18:48,2024-05-16 05:27:25,Прибыл,Airbus A320,Полина Тимуровна Бобылева
WF5718,S7 Airlines,ст. Кунгур,д. Арзамас,2024-01-06 11:39:04,2024-05-31 16:25:27,В пути,Boeing 737,Мясников Петр Викторович
OH4095,Red Wings,п. Бологое,п. Ревда (Сверд.),2024-01-24 07:54:08,2024-06-03 00:41:15,Прибыл,Boeing 737,Филиппов Ипполит Ефремович
LN0410,Победа,с. Эльтон,п. Моршанск,2024-03-09 12:11:17,2024-04-21 21:24:01,В пути,Airbus A320,Евфросиния Георгиевна Орехова
SG5859,S7 Airlines,д. Новый Уренгой,к. Ржев,2024-01-20 00:58:49,2024-03-03 07:12:21,В пути,Boeing 737,Лапина Галина Эльдаровна
IS5625,Победа,ст. Ростов-на-Дону,с. Середниково,2024-02-02 06:09:51,2024-03-09 22:17:40,Запланирован,Boeing 767,Горшков Лаврентий Игоревич
UV0653,Utair,клх Южно-Курильск,п. Ставрополь,2024-01-18 02:41:40,2024-04-23 16:35:50,Задержан,Boeing 737,Прокофий Абрамович Герасимов
OD9243,Utair,д. Орел,д. Калач-на-Дону,2024-04-06 19:25:41,2024-05-24 16:39:36,Задержан,Boeing 737,Блохин Виссарион Филатович
HM1208,Red Wings,д. Саров (Морд.),п. Архангельск,2024-02-05 08:59:49,2024-04-19 08:59:38,Запланирован,Airbus A320,Игнатова Агафья Павловна
QP6015,Utair,с. Москва,клх Юровск,2024-03-26 11:34:36,2024-05-09 04:04:54,Прибыл,Airbus A320,Боброва Юлия Владиславовна
BL4324,S7 Airlines,клх Солнечногорск,д. Армавир,2024-01-21 20:34:10,2024-03-03 13:24:54,Прибыл,Boeing 777,Воробьева Клавдия Захаровна
IN7612,S7 Airlines,п. Тольятти,клх Щельяюр,2024-01-22 21:30:23,2024-06-15 11:58:19,Прибыл,Airbus A330,Марк Изотович Новиков
IP1888,Red Wings,с. Шарья,п. Смирных,2024-04-01 15:35:11,2024-04-27 23:26:34,Прибыл,Boeing 737,Доронин Фрол Анисимович
KB2438,Red Wings,г. Беслан,клх Сосновый Бор,2024-05-05 19:41:09,2024-06-06 23:25:57,Отменен,Boeing 767,Михайлов Назар Гурьевич
WM8454,S7 Airlines,ст. Октябрьское (Челяб.),к. Байкальск,2024-05-29 18:55:45,2024-06-15 12:51:40,Прибыл,Boeing 777,Воронцова Тамара Руслановна
RK6858,Аэрофлот,д. Нижневартовск,д. Оленегорск (Якут.),2024-01-03 20:22:23,2024-05-30 11:38:55,В пути,Boeing 767,Людмила Викторовна Андреева
OA8880,Utair,к. Нарткала,ст. Хатанга,2024-04-24 09:05:12,2024-05-19 13:52:11,Прибыл,Airbus A330,Панкрат Изотович Гришин
FB5402,Аэрофлот,ст. Сургут (Хант.),к. Энгельс,2024-03-26 06:54:53,2024-05-21 07:21:56,Запланирован,Boeing 777,Василий Гавриилович Давыдов
BD4783,Аэрофлот,г. Жуковский,ст. Юрьев-Польский,2024-02-19 21:19:57,2024-03-13 08:56:40,Запланирован,Boeing 767,Евдокимов Константин Захарьевич
GJ6491,Победа,ст. Егорьевск,с. Тутаев,2024-06-05 20:18:14,2024-06-11 20:30:43,Запланирован,Boeing 767,тов. Смирнов Пров Харламович
CI7774,Utair,с. Усть-Ордынский,с. Кыштым,2024-03-01 11:30:33,2024-05-26 15:36:17,Отменен,Boeing 737,Василиса Альбертовна Лазарева
JK1332,S7 Airlines,клх Гусь-Хрустальный,ст. Златоуст,2024-02-08 18:42:29,2024-02-27 15:51:59,Прибыл,Airbus A330,Егорова Вера Петровна
NB1962,Победа,к. Валаам,г. Челябинск,2024-02-11 15:34:17,2024-03-18 16:51:22,Запланирован,Airbus A330,Русаков Капитон Георгиевич
JD3920,Победа,г. Долинск,ст. Чита,2024-02-21 03:37:18,2024-04-17 00:18:25,Запланирован,Boeing 737,Влас Игнатьевич Ларионов
KY0518,Utair,д. Кашира,г. Нижний Новгород,2024-01-08 21:39:35,2024-03-30 08:20:38,Отменен,Boeing 777,Ульяна Ниловна Якушева
WV3672,Utair,к. Лотошино,г. Лагань,2024-02-15 01:47:34,2024-04-11 04:56:03,Прибыл,Airbus A330,Жанна Руслановна Гришина
CH5952,Аэрофлот,д. Бронницы,клх Шелагонцы,2024-05-17 22:30:03,2024-06-14 08:44:16,Прибыл,Airbus A330,Давыд Трифонович Уваров
BR9921,Utair,клх Яшалта,п. Усть-Кулом,2024-06-08 04:33:37,2024-06-15 12:12:55,В пути,Boeing 767,Белозеров Изяслав Зиновьевич
GL7850,Победа,клх Суздаль,п. Горячинск,2024-03-04 12:52:29,2024-05-20 08:31:34,В пути,Boeing 767,Виноградов Ананий Фёдорович
NO5551,S7 Airlines,клх Печора,к. Омск,2024-03-06 06:52:18,2024-06-11 11:58:33,В пути,Boeing 737,Иванна Филипповна Виноградова
JV2789,S7 Airlines,клх Архангельск,ст. Белоярский,2024-06-02 20:20:00,2024-06-15 10:24:15,Прибыл,Airbus A320,Калашникова Наина Вадимовна
ND7653,S7 Airlines,ст. Златоуст,п. Кириши,2024-04-07 08:35:57,2024-05-10 17:24:01,Запланирован,Airbus A320,Николаев Ким Брониславович
LZ6442,Аэрофлот,клх Долинск,п. Колпашево,2024-01-27 20:58:10,2024-06-11 02:49:39,Запланирован,Boeing 767,Алексей Андреевич Федоров
FV7523,Аэрофлот,клх Бомнак,п. Охотск,2024-01-02 22:21:23,2024-04-15 14:59:32,Запланирован,Airbus A320,Миронов Изот Демидович
OC7882,Red Wings,п. Певек,д. Сочи,2024-02-17 13:31:39,2024-06-07 14:50:57,Запланирован,Boeing 767,Павлов Станимир Чеславович
KD3310,Аэрофлот,с. Снежногорск (Мурм.),к. Глазов,2024-03-14 09:12:46,2024-03-20 17:29:30,Прибыл,Boeing 767,Алина Аскольдовна Зиновьева
HZ9704,S7 Airlines,клх Энгельс,г. Ачинск,2024-04-09 11:58:23,2024-04-20 09:13:21,Прибыл,Boeing 777,Мельникова Нонна Павловна
TH9571,S7 Airlines,п. Диксон,с. Тихорецк,2024-05-19 21:05:38,2024-05-20 01:36:09,Запланирован,Airbus A320,Александра Александровна Маркова
ZQ4166,Red Wings,с. Двинской,п. Сузун,2024-01-31 08:32:42,2024-02-27 02:10:38,В пути,Boeing 767,Макарова Вера Константиновна
BJ5976,Utair,с. Буйнакск,с. Устюжна,2024-04-27 11:22:09,2024-06-09 02:59:17,Прибыл,Boeing 777,Сергеев Пантелеймон Викторович
LW1379,Utair,г. Урай,клх Усть-Баргузин,2024-02-12 12:51:11,2024-04-10 13:39:35,Запланирован,Airbus A330,Зимин Борис Арсеньевич
IS8389,Red Wings,с. Воронеж,д. Куртамыш,2024-05-01 13:45:31,2024-05-10 22:20:44,Отменен,Boeing 777,Яковлева Евфросиния Эдуардовна
DK6595,Победа,к. Шилка,клх Дубна,2024-04-03 11:58:14,2024-04-06 11:13:51,Прибыл,Boeing 737,Екатерина Петровна Кабанова
WO4492,Победа,с. Валдай,к. Кировск (Ленин.),2024-02-19 07:50:13,2024-04-17 03:03:18,Задержан,Airbus A320,Вышеслав Евсеевич Шилов
VT9574,Аэрофлот,ст. Боровск,к. Стерлитамак,2024-05-24 21:59:09,2024-06-02 08:02:42,Прибыл,Airbus A330,Михайлова Татьяна Егоровна
SV1881,Аэрофлот,г. Бугуруслан,г. Уссурийск,2024-01-09 08:11:03,2024-06-07 08:22:54,Запланирован,Boeing 767,Антонин Аксёнович Бирюков
YL1728,Utair,г. Кыштым,д. Миасс,2024-01-17 02:59:21,2024-05-22 15:52:30,В пути,Boeing 737,Блинова Анжела Александровна
BE4675,S7 Airlines,п. Кострома,г. Элиста,2024-01-13 12:37:27,2024-03-03 14:51:38,В пути,Boeing 777,Котов Игнатий Архипович
KS9695,Utair,д. Серов,клх Нурлат,2024-04-22 01:13:02,2024-06-09 18:35:38,В пути,Boeing 737,Любовь Григорьевна Архипова
BA3587,S7 Airlines,к. Барнаул,к. Йошкар-Ола,2024-04-16 01:03:02,2024-04-18 10:09:18,Задержан,Boeing 737,Зыкова Ия Даниловна
PJ1958,Utair,ст. Видное,д. Муром,2024-01-29 12:18:42,2024-03-13 04:03:21,Прибыл,Boeing 767,Синклитикия Даниловна Кононова
TY4031,Utair,д. Моздок,г. Бийск,2024-05-13 01:29:34,2024-05-27 23:38:45,Запланирован,Airbus A320,Боброва Полина Максимовна
DM1454,Победа,ст. Печора,г. Избербаш,2024-01-08 10:47:51,2024-03-27 06:06:58,Запланирован,Airbus A320,Тимофеев Каллистрат Еремеевич
HH1521,S7 Airlines,с. Орехово-Зуево,с. Киржач,2024-03-16 11:04:17,2024-04-06 19:50:50,Задержан,Boeing 767,Владилен Артёмович Аксенов
QS7462,Аэрофлот,г. Краснокамск,с. Серафимович,2024-03-24 17:13:35,2024-06-16 02:57:19,В пути,Boeing 777,Филиппова Мария Валентиновна
TG9830,Utair,г. Соликамск,с. Томск,2024-06-04 15:23:45,2024-06-11 05:51:32,Отменен,Airbus A320,Анисимова Тамара Леонидовна
QG7581,Победа,п. Ясный (Оренб.),к. Пермь,2024-05-16 23:25:04,2024-06-06 00:18:38,Отменен,Airbus A330,Валентина Ниловна Виноградова
QH7937,S7 Airlines,п. Кош-Агач,к. Александров Гай,2024-04-03 23:51:21,2024-04-15 20:59:39,Прибыл,Airbus A320,Рогова Синклитикия Вадимовна
TJ1678,Аэрофлот,д. Льгов,ст. Серпухов,2024-03-23 03:38:57,2024-05-06 18:26:54,Запланирован,Boeing 737,Ксения Робертовна Киселева
LA7663,Победа,г. Орск,к. Нижний Тагил,2024-05-04 22:14:27,2024-05-23 15:17:09,В пути,Boeing 777,Орехов Филимон Фомич
NE9360,Победа,к. Чегем,с. Киров (Вятка),2024-05-26 07:23:35,2024-06-09 18:39:51,Запланирован,Airbus A330,Кондратий Адрианович Сидоров
IC0340,Аэрофлот,д. Александровск-Сахалинский,п. Выборг,2024-04-30 12:25:27,2024-05-12 06:35:03,Задержан,Airbus A320,Елизавета Константиновна Стрелкова
VD9546,S7 Airlines,д. Радужный,д. Оса,2024-03-02 17:41:17,2024-06-16 03:54:57,Задержан,Airbus A320,Викентий Юльевич Харитонов
PF7638,Red Wings,г. Тикси,г. Урюпинск,2024-01-04 02:02:06,2024-01-29 10:17:37,В пути,Airbus A330,Елена Альбертовна Родионова
MK4682,S7 Airlines,д. Комсомольск-на-Амуре,д. Брянск,2024-02-19 00:18:32,2024-03-30 15:18:16,В пути,Boeing 777,Тимофеева Вера Яковлевна
RZ3094,Red Wings,д. Тулун,г. Красноуфимск,2024-03-24 05:00:31,2024-04-25 21:05:18,Отменен,Boeing 767,Милица Феликсовна Ширяева
MB5861,Аэрофлот,д. Старый Оскол,с. Абакан,2024-04-12 14:31:43,2024-05-21 18:19:39,Прибыл,Boeing 777,Руслан Архипович Федосеев
KT7359,Red Wings,клх Усть-Илимск,ст. Ишим,2024-01-18 11:42:29,2024-05-07 09:00:23,Прибыл,Airbus A320,Никита Валерианович Антонов
TG4088,Победа,п. Махачкала,клх Апатиты,2024-01-17 13:07:41,2024-04-25 17:09:09,Прибыл,Boeing 737,Зиновий Демьянович Громов
QG7107,S7 Airlines,д. Углегорск,г. Кедровый,2024-01-06 09:16:05,2024-02-26 16:25:57,Запланирован,Airbus A330,Поляков Еремей Евстигнеевич
MH1144,Utair,ст. Кизел,д. Волхов,2024-03-04 23:22:16,2024-05-13 05:29:13,Запланирован,Boeing 737,Ермаков Варлаам Харлампович
OV0299,Red Wings,клх Шерегеш,ст. Терскол,2024-03-11 07:00:57,2024-06-01 05:25:22,В пути,Boeing 737,Королев Венедикт Димитриевич
UH3005,Аэрофлот,г. Наро-Фоминск,г. Верхотурье,2024-05-31 01:06:24,2024-06-09 21:05:30,Задержан,Airbus A320,Ситников Кондратий Даниилович
PO9664,Utair,п. Люберцы,п. Талдом,2024-01-25 10:37:21,2024-04-29 11:46:45,В пути,Boeing 767,Медведева Евгения Константиновна
UC8605,S7 Airlines,ст. Морозовск,г. Гудермес,2024-06-04 13:43:29,2024-06-07 23:56:47,Задержан,Boeing 767,Филарет Давидович Власов
UC2610,Red Wings,с. Сосногорск,клх Поронайск,2024-04-01 08:06:21,2024-05-22 15:19:46,Задержан,Airbus A320,Акулина Ждановна Зуева
CE1203,S7 Airlines,д. Тулун,п. Рыльск,2024-03-31 15:29:36,2024-05-14 15:50:13,Задержан,Boeing 777,Илья Власович Алексеев
BU3896,Аэрофлот,с. Лянтор,д. Чебаркуль,2024-02-11 12:31:29,2024-02-26 16:21:14,Прибыл,Boeing 737,Наина Тарасовна Кириллова
PU3167,Utair,д. Калач-на-Дону,п. Салават,2024-03-31 18:57:47,2024-05-08 00:34:55,В пути,Boeing 767,Кира Вадимовна Сорокина
ID9298,Аэрофлот,клх Мценск,клх Сосновый Бор,2024-05-28 11:38:25,2024-05-29 08:51:50,Отменен,Airbus A320,Глафира Евгеньевна Прохорова
ZY3316,S7 Airlines,г. Бреды,с. Кизел,2024-01-05 16:44:25,2024-01-11 14:07:44,Отменен,Airbus A330,Блохина Наина Михайловна
PG9812,Red Wings,клх Буденновск,клх Яр-Сале,2024-04-06 01:47:41,2024-04-06 09:52:09,Отменен,Boeing 737,Блохина Анжела Ниловна
HR3866,S7 Airlines,ст. Чегем,клх Кыштым,2024-05-31 21:51:43,2024-06-07 20:39:23,Прибыл,Boeing 777,Натан Арсенович Мишин
YI2241,Utair,д. Устюжна,с. Охотск,2024-05-26 23:04:08,2024-06-16 06:43:45,Отменен,Boeing 777,Иванна Вениаминовна Авдеева
NR1818,Red Wings,клх Пятигорск,к. Чикола,2024-05-19 14:06:11,2024-06-09 03:03:02,В пути,Airbus A330,Октябрина Яковлевна Мельникова
TU3184,Аэрофлот,п. Черемхово,г. Камышлов,2024-02-23 06:08:43,2024-04-22 00:51:32,Прибыл,Airbus A330,Горбачев Селиверст Матвеевич
OW8295,S7 Airlines,с. Магнитогорск,г. Охотск,2024-05-28 18:41:05,2024-05-30 08:20:28,В пути,Boeing 777,Панкрат Авдеевич Панов
GK5949,S7 Airlines,к. Джейрах,с. Галич,2024-03-09 05:19:56,2024-03-21 15:30:42,В пути,Airbus A320,Попов Еремей Филатович
QB3253,Utair,п. Усть-Илимск,к. Инта,2024-05-03 12:37:11,2024-06-11 01:04:40,В пути,Boeing 737,Елисеев Бажен Глебович
VL5105,S7 Airlines,п. Махачкала,ст. Иркутск,2024-04-29 15:51:07,2024-06-07 05:14:55,В пути,Boeing 737,Блинов Авдей Виленович
PD4646,Red Wings,к. Южно-Сахалинск,клх Шенкурск,2024-01-21 14:45:38,2024-04-22 10:20:53,Прибыл,Boeing 767,Самойлова Иванна Александровна
ZJ7414,Победа,к. Кущевская,г. Малая Вишера,2024-01-12 20:40:18,2024-04-18 00:06:32,В пути,Boeing 767,Данилова Людмила Борисовна
JP3709,Red Wings,ст. Камышин,д. Амурск,2024-02-05 15:02:38,2024-02-17 22:01:53,Отменен,Boeing 737,Антонина Леонидовна Овчинникова
OG7871,Аэрофлот,г. Губаха,п. Чегем,2024-04-17 23:12:48,2024-05-15 09:00:28,Прибыл,Boeing 737,Ефремова Евпраксия Егоровна
TL0397,Red Wings,клх Азов (Рост.),ст. Балашиха,2024-05-02 17:03:50,2024-05-17 13:01:34,Отменен,Airbus A330,Цветкова Алина Михайловна
OH9492,Победа,клх Оренбург,ст. Зеленоград,2024-02-23 22:11:23,2024-05-21 13:19:17,Прибыл,Boeing 767,Севастьян Даниилович Давыдов
AP8205,Red Wings,д. Цимлянск,п. Кемерово,2024-03-27 09:22:17,2024-05-21 09:58:03,Прибыл,Airbus A330,Алина Эльдаровна Фомичева
NU5412,Utair,п. Плесецк,ст. Крымск,2024-02-18 08:47:02,2024-05-21 19:30:30,Задержан,Boeing 737,Евсеев Виссарион Ефстафьевич
GE4267,Utair,клх Советский,ст. Воткинск,2024-05-02 00:10:20,2024-05-16 21:49:53,Отменен,Boeing 737,Соловьев Ипат Елизарович
XE3883,Utair,к. Каневская,ст. Сорочинск,2024-05-11 10:18:26,2024-05-22 02:42:07,В пути,Airbus A330,Ульяна Григорьевна Симонова
OJ4259,Utair,п. Камень-на-Оби,ст. Усмань,2024-04-02 19:06:53,2024-04-23 23:51:56,В пути,Boeing 777,Мокей Феодосьевич Антонов
IX7040,Red Wings,ст. Губаха,клх Кропоткин (Краснод.),2024-03-26 12:19:40,2024-05-01 08:08:29,Задержан,Boeing 767,Алла Макаровна Шубина
WU7429,Победа,клх Белоярский,г. Солнечногорск,2024-02-19 12:19:56,2024-04-13 23:56:38,Запланирован,Boeing 767,Власова Елена Филипповна
IM8458,S7 Airlines,клх Киров (Вятка),с. Чайковский,2024-02-18 13:03:42,2024-04-12 06:52:15,Отменен,Boeing 737,Зосима Харлампьевич Сидоров
MH9650,Utair,с. Тулпан,к. Якша,2024-02-05 05:40:45,2024-02-17 04:59:40,В пути,Airbus A320,Бирюкова Татьяна Оскаровна
JW6219,S7 Airlines,клх Завьялиха,ст. Кыштым,2024-02-20 22:14:39,2024-05-10 04:59:50,Прибыл,Boeing 767,Иванна Аскольдовна Жданова
CQ2060,Победа,г. Нижнеудинск,ст. Котельнич,2024-03-03 12:39:13,2024-03-09 01:00:46,В пути,Airbus A330,Варвара Ефимовна Емельянова
DG0071,Red Wings,ст. Мурманск,к. Карабулак,2024-02-12 15:23:26,2024-03-15 13:40:07,Отменен,Airbus A330,Ильина Наталья Игоревна
XA8018,Utair,г. Соболево,ст. Губкинский,2024-01-30 22:21:24,2024-04-07 12:54:37,В пути,Airbus A320,Лаврентьева Клавдия Семеновна
ZF2840,Победа,г. Хасавюрт,с. Чокурдах,2024-05-13 14:36:38,2024-06-10 03:37:06,Задержан,Boeing 737,Анжела Афанасьевна Федорова
EN5593,Аэрофлот,с. Новосибирск,ст. Кажим,2024-05-15 03:44:59,2024-06-15 08:07:47,Задержан,Boeing 777,Ульяна Святославовна Назарова
BA9663,Аэрофлот,д. Гдов,п. Краснодар,2024-02-19 04:01:57,2024-02-28 13:05:14,Запланирован,Airbus A320,Казаков Владислав Трифонович
ZV0896,Аэрофлот,ст. Северодвинск,ст. Тимашевск,2024-06-01 00:04:39,2024-06-03 13:41:31,Запланирован,Airbus A330,Кулагин Милован Евсеевич
SY5446,Utair,клх Токма,ст. Павловский Посад,2024-02-19 14:28:20,2024-03-22 12:39:04,Запланирован,Boeing 777,Евгения Эдуардовна Кузьмина
JJ7595,Аэрофлот,ст. Снежинск,ст. Петропавловск-Камчатский,2024-01-15 02:17:57,2024-02-26 01:30:33,В пути,Boeing 777,Александра Леонидовна Гурьева
OS1654,Аэрофлот,г. Кашхатау,клх Мичуринск,2024-03-17 19:25:50,2024-06-11 08:39:28,Отменен,Boeing 737,Илья Эдуардович Быков
VL6965,Utair,клх Егорьевск,п. Ишим,2024-06-01 14:25:24,2024-06-12 14:21:27,Прибыл,Airbus A320,Ершов Никон Егорович
IK3117,Utair,п. Камышлов,ст. Гаврилов-Ям,2024-02-08 21:01:39,2024-03-04 04:31:33,Прибыл,Airbus A320,Захарова Агафья Матвеевна
GP3609,S7 Airlines,г. Армавир,с. Белогорск (Амур.),2024-01-14 16:23:17,2024-04-30 13:06:33,В пути,Boeing 777,Зыкова Татьяна Антоновна
CG1298,S7 Airlines,к. Ноглики,клх Сарапул,2024-03-19 16:00:50,2024-04-15 08:43:29,Запланирован,Airbus A330,Блохина Нонна Алексеевна
DJ5205,S7 Airlines,к. Жигулевск,д. Красногорск (Моск.),2024-01-28 21:30:41,2024-03-05 07:58:03,В пути,Airbus A320,Амос Вячеславович Кудрявцев
GB7210,Utair,г. Таштагол,г. Белорецк,2024-02-25 13:42:52,2024-06-03 06:18:43,В пути,Boeing 737,Ираида Тарасовна Полякова
ZC0405,Аэрофлот,ст. Середниково,п. Раменское,2024-02-21 02:41:58,2024-03-08 21:46:18,В пути,Airbus A320,Фёкла Натановна Борисова
AO8435,Аэрофлот,ст. Курумкан,д. Шахты,2024-05-11 06:00:38,2024-06-15 08:08:49,Отменен,Boeing 737,Милица Тимуровна Костина
RR7136,S7 Airlines,клх Витим,к. Тавда,2024-03-04 04:37:44,2024-05-23 09:10:19,Запланирован,Boeing 737,Гордеева Валерия Болеславовна
MV7163,Победа,п. Сосновый Бор,г. Смирных,2024-05-05 16:20:45,2024-05-21 22:53:23,Отменен,Airbus A320,Евфросиния Анатольевна Воробьева
XS7876,S7 Airlines,п. Ханты-Мансийск,клх Балашиха,2024-02-11 11:59:14,2024-05-02 00:02:32,Отменен,Boeing 777,Давыдова Вера Ниловна
TB8600,Победа,ст. Ербогачен,клх Лысьва,2024-05-09 10:42:54,2024-05-10 01:15:55,В пути,Boeing 777,Большакова Марфа Максимовна
BO6064,S7 Airlines,к. Добрянка,ст. Абинск,2024-01-14 13:23:13,2024-03-20 07:59:23,Прибыл,Boeing 737,Русаков Эрнест Еремеевич
QV2936,Аэрофлот,д. Тулпан,д. Салехард,2024-01-30 18:32:49,2024-05-09 23:51:20,Прибыл,Airbus A330,Викентий Артёмович Денисов
OA2508,Red Wings,к. Лысьва,клх Белогорск (Амур.),2024-01-16 09:55:24,2024-05-16 08:42:54,Прибыл,Airbus A320,Пономарева Октябрина Юрьевна
OP1568,Utair,п. Ельня,с. Гудермес,2024-03-31 09:52:30,2024-06-13 17:34:05,Прибыл,Boeing 737,тов. Молчанова Галина Сергеевна
BF1928,Red Wings,клх Стерлитамак,к. Гремячинск (Перм.),2024-05-08 20:23:09,2024-06-14 20:53:21,Отменен,Airbus A330,Рожкова Ираида Рубеновна
CP0421,Аэрофлот,д. Ясный (Оренб.),клх Сыктывкар,2024-04-28 04:36:42,2024-05-15 17:59:17,В пути,Airbus A330,Вениамин Егорович Костин
IE1285,Red Wings,д. Меренга,клх Кандалакша,2024-02-03 05:57:55,2024-03-10 03:43:18,Запланирован,Airbus A330,Ия Ивановна Денисова
HG2549,Utair,с. Печенга,п. Нижневартовск,2024-06-01 08:14:02,2024-06-09 22:43:37,Запланирован,Airbus A330,Кир Дмитриевич Родионов
XA4824,Utair,п. Таганрог,ст. Уссурийск,2024-04-29 00:58:49,2024-05-23 01:36:27,Задержан,Boeing 777,Исидор Харлампьевич Журавлев
LK3818,Аэрофлот,ст. Красная Поляна,с. Тавда,2024-05-16 03:57:03,2024-06-02 01:49:24,В пути,Airbus A320,Мина Бориславович Алексеев
SE2165,Red Wings,г. Кажим,к. Солнечногорск,2024-04-30 15:58:40,2024-05-27 06:43:12,Задержан,Boeing 777,Клавдия Рудольфовна Архипова
BT3610,Победа,ст. Александров,г. Алексин,2024-04-10 21:59:15,2024-04-23 20:55:18,Прибыл,Boeing 777,Зимина Марина Альбертовна
VL1116,S7 Airlines,к. Краснотурьинск,п. Нефтекамск,2024-03-09 09:16:32,2024-05-01 22:07:38,В пути,Boeing 767,Егор Ярославович Муравьев
EP6452,Аэрофлот,п. Москва,г. Курган,2024-02-11 21:59:13,2024-03-10 06:04:13,В пути,Boeing 777,Якуб Августович Голубев
WW3394,Red Wings,к. Ейск,к. Вендинга,2024-05-21 19:15:44,2024-05-26 21:44:14,Прибыл,Airbus A330,Кондратий Ануфриевич Кузнецов
WZ3822,Аэрофлот,с. Витим,г. Красновишерск,2024-06-13 09:54:34,2024-06-15 19:22:16,Задержан,Boeing 767,Наталья Николаевна Петрова
WK1032,Аэрофлот,г. Элиста,к. Челюскин,2024-03-09 19:17:33,2024-05-24 22:36:20,Задержан,Airbus A320,Леонид Григорьевич Богданов
DR9504,S7 Airlines,клх Сеймчан,клх Стрежевой,2024-01-24 17:04:36,2024-02-05 15:05:52,В пути,Airbus A320,Исаев Филипп Артемьевич
HW6204,S7 Airlines,п. Лесной (Сверд.),п. Глазов,2024-03-19 20:52:54,2024-04-28 00:25:18,Запланирован,Airbus A330,Михайлов Святополк Гаврилович
DG6155,Red Wings,г. Александров Гай,д. Саранск,2024-02-19 05:47:30,2024-03-23 11:57:39,Отменен,Boeing 737,Карпова Валерия Тарасовна
XE0679,Победа,к. Поярково,с. Асино,2024-05-14 09:15:34,2024-06-05 16:21:41,В пути,Boeing 767,Евстафий Венедиктович Шашков
FZ5897,Red Wings,п. Каргасок,ст. Петушки,2024-04-25 10:28:43,2024-06-04 02:28:18,Запланирован,Airbus A330,Богданов Панкрат Жоресович
OE5806,S7 Airlines,клх Шарья,д. Нижнекамск,2024-06-11 14:09:51,2024-06-11 16:03:01,Задержан,Airbus A330,Симонова Юлия Альбертовна
DP3066,S7 Airlines,клх Майкоп,с. Казань,2024-06-02 08:28:19,2024-06-03 13:54:48,Запланирован,Boeing 767,Калинин Руслан Феликсович
ZB8665,Победа,с. Павловский Посад,д. Соболево,2024-04-25 00:40:06,2024-04-30 15:41:26,Отменен,Boeing 767,Мартынов Юлиан Давидович
ZZ0087,Аэрофлот,ст. Двинской,с. Кунгур,2024-03-01 09:41:25,2024-04-13 19:25:29,Задержан,Airbus A330,Соломон Дорофеевич Никонов
IQ5907,Utair,клх Нефедова,клх Тотьма,2024-03-16 07:00:48,2024-04-21 17:42:28,Задержан,Boeing 777,Агафон Иосипович Воробьев
NI3947,S7 Airlines,п. Черняховск,клх Северодвинск,2024-01-04 02:15:02,2024-01-21 19:39:36,Прибыл,Boeing 777,Пахомова Олимпиада Рубеновна
WF9898,Победа,п. Саров (Морд.),д. Красноуфимск,2024-05-13 16:46:30,2024-05-26 17:36:41,Прибыл,Airbus A330,Устинов Моисей Виленович
XM9136,Аэрофлот,клх Находка,к. Лодейное Поле,2024-06-08 01:58:13,2024-06-09 10:11:45,Запланирован,Boeing 767,Селиверст Ильясович Поляков
NG0194,Red Wings,с. Краснодар,с. Саратов,2024-04-18 10:44:34,2024-05-10 18:52:34,Отменен,Boeing 777,Ангелина Львовна Гришина
